{"train_loss": 2.303227251815796, "val_loss": 2.3026618419647216, "train_acc": 9.762, "val_acc": 10.0, "lr": 0.1, "epoch_time": 30.414396047592163, "_timestamp": 1665230824.5137548, "_runtime": 41.96615982055664, "_step": 0, "_wandb": {"runtime": 46}}