{"train_loss": 2.1221271354675295, "val_loss": 2.0575259647369384, "train_acc": 21.448, "val_acc": 24.4, "lr": 0.1, "epoch_time": 22.316833972930908, "_timestamp": 1665307309.1937654, "_runtime": 36.55911350250244, "_step": 0, "_wandb": {"runtime": 144}}